<application>
  <component name="PostfixTemplates">
    <template id="sw@userDefined" key=".sw" provider="builtin.php" topmost="false">
      <conditions />
      <template name="fakeKey" value=" switch ($EXPR$) {&#10;     case 0:&#10;       &#10;       break;&#10;     case 1:&#10;       &#10;       break;  &#10;}" toReformat="true" toShortenFQNames="true" />
    </template>
    <template id="pre@userDefined" key=".pre" provider="builtin.php" topmost="true">
      <conditions />
      <template name="fakeKey" value="&#10;echo '&lt;pre&gt;';&#10;print_r($EXPR$);&#10;echo '&lt;pre&gt;';&#10;exit;" toReformat="true" toShortenFQNames="true" />
    </template>
    <template id="dump@userDefined" key=".dump" provider="builtin.php" topmost="true">
      <conditions />
      <template name="fakeKey" value="&#10;echo '&lt;pre&gt;';&#10;var_dump($EXPR$);&#10;echo '&lt;pre&gt;';&#10;exit;" toReformat="true" toShortenFQNames="true" />
    </template>
  </component>
</application>