<application>
  <component name="PhpThisOrSelfImportFilteringUsageSetting">
    <option name="SHOW_THIS_OR_SELF_REFERENCES" value="true" />
  </component>
  <component name="ShowUsagesSettings">
    <option name="GROUP_BY_FILE_STRUCTURE" value="true" />
    <option name="GROUP_BY_MODULE" value="true" />
    <option name="GROUP_BY_PACKAGE" value="true" />
    <option name="GROUP_BY_USAGE_TYPE" value="true" />
    <option name="PREVIEW_USAGES_SPLITTER_PROPORTIONS" value="0.5356467" />
  </component>
  <component name="UsageViewSettings">
    <option name="GROUP_BY_MODULE" value="false" />
    <option name="GROUP_BY_PACKAGE" value="false" />
    <option name="GROUP_BY_USAGE_TYPE" value="false" />
  </component>
</application>