<application>
  <component name="com.intellij.ide.ui.customization.CustomActionsSchema">
    <group value="MaterialTheme.Menu" is_group="true" forse_popup="false" action_type="-1" position="7">
      <path value="root" />
      <path value="Main Toolbar Right" />
      <option name="myInitialPosition" value="-1" />
    </group>
    <group value="SettingsEntryPoint" is_action="true" action_type="-1" position="6">
      <path value="root" />
      <path value="Main Toolbar Right" />
      <option name="myInitialPosition" value="-1" />
    </group>
    <group value="SearchEverywhere" is_action="true" action_type="-1" position="5">
      <path value="root" />
      <path value="Main Toolbar Right" />
      <option name="myInitialPosition" value="-1" />
    </group>
    <group value="CodeWithMeToolbarGroupNewUi" is_group="true" forse_popup="false" action_type="-1" position="4">
      <path value="root" />
      <path value="Main Toolbar Right" />
      <option name="myInitialPosition" value="-1" />
    </group>
    <group value="Perforce.Toolbar.PerforceToolbarWidgetAction" is_action="true" action_type="-1" position="3">
      <path value="root" />
      <path value="Main Toolbar Left" />
      <option name="myInitialPosition" value="-1" />
    </group>
    <group value="StopWithDropDown" is_action="true" action_type="-1" position="3">
      <path value="root" />
      <path value="Main Toolbar Right" />
      <option name="myInitialPosition" value="-1" />
    </group>
    <group value="main.toolbar.git.Branches" is_action="true" action_type="-1" position="2">
      <path value="root" />
      <path value="Main Toolbar Left" />
      <option name="myInitialPosition" value="-1" />
    </group>
    <group value="NewUiRunWidget" is_action="true" action_type="-1" position="2">
      <path value="root" />
      <path value="Main Toolbar Right" />
      <option name="myInitialPosition" value="-1" />
    </group>
    <group value="tasks.switch" is_action="true" action_type="-1" position="1">
      <path value="root" />
      <path value="Main Toolbar Left" />
      <option name="myInitialPosition" value="-1" />
    </group>
    <group value="PhpListenDebugAction" is_action="true" action_type="-1" position="1">
      <path value="root" />
      <path value="Main Toolbar Right" />
      <option name="myInitialPosition" value="-1" />
    </group>
    <group value="main.toolbar.Project" is_action="true" action_type="-1" position="0">
      <path value="root" />
      <path value="Main Toolbar Left" />
      <option name="myInitialPosition" value="-1" />
    </group>
    <group value="main.toolbar.Filename" is_action="true" action_type="-1" position="0">
      <path value="root" />
      <path value="Main Toolbar Center" />
      <option name="myInitialPosition" value="-1" />
    </group>
    <group value="ExecutionTargetsToolbarGroup" is_group="true" forse_popup="false" action_type="-1" position="0">
      <path value="root" />
      <path value="Main Toolbar Right" />
      <option name="myInitialPosition" value="-1" />
    </group>
    <group value="main.toolbar.git.Branches" is_action="true" action_type="1" position="0">
      <path value="root" />
      <path value="Main Toolbar Right" />
      <option name="myInitialPosition" value="-1" />
    </group>
    <action id="main.toolbar.git.Branches" icon="Git.Branches" />
    <action id="ViewStatusBarWidgetsGroup" icon="jar:file:/Applications/PhpStorm.app/Contents/lib/app.jar!/expui/toolbar/unknown.svg" />
  </component>
</application>