<application>
  <component name="MaterialThemeConfig">
    <option name="compactTables" value="true" />
    <option name="compactDropdowns" value="true" />
    <option name="isCompactMenus" value="true" />
    <option name="isCompactStatusBar" value="true" />
    <option name="isCompactTables" value="true" />
    <option name="overrideAccentColor" value="false" />
    <option name="pristineConfig" value="false" />
    <option name="settingsSelectedTab" value="1" />
    <option name="accentColor" value="387bff" />
    <option name="selectedTheme" value="GITHUB" />
    <option name="userId" value="-7b806d91:18718c5897d:-8000" />
    <option name="version" value="8.6.0" />
  </component>
</application>