<application>
  <component name="LafManager" autodetect="false">
    <laf class-name="com.intellij.ide.ui.laf.IntelliJLaf" themeId="GITHUB" />
    <lafs-to-previous-schemes>
      <laf-to-scheme laf="Custom Theme (Material)" scheme="_@user_GitHub (Material)" />
      <laf-to-scheme laf="Dark" scheme="_@user_Dark" />
      <laf-to-scheme laf="GitHub (Material)" scheme="_@user_GitHub (Material)" />
      <laf-to-scheme laf="IntelliJ Light" scheme="_@user_IntelliJ Light" />
      <laf-to-scheme laf="Light" scheme="_@user_Light" />
    </lafs-to-previous-schemes>
  </component>
</application>