<application>
  <component name="MaterialThemeConfig">
    <option name="isWizardShown" value="true" />
    <option name="overrideAccentColor" value="false" />
    <option name="pristineConfig" value="false" />
    <option name="settingsSelectedTab" value="3" />
    <option name="accentColor" value="387bff" />
    <option name="selectedTheme" value="GITHUB" />
    <option name="userId" value="4fe696c1:18a0b9fdee4:-8000" />
    <option name="version" value="8.11.0" />
  </component>
</application>