<application>
  <component name="MaterialCustomThemeConfig">
    <option name="colorScheme" value="GitHub (Material)" />
    <option name="excludedColor" value="dcdcdcff" />
    <option name="accentColor" value="387bffff" />
    <option name="notificationsColor" value="dfecfeff" />
    <option name="treeSelectionColor" value="ebedf0ff" />
    <option name="highlightColor" value="cce5ffff" />
    <option name="secondBorderColor" value="dfe1e4ff" />
    <option name="tableSelectedColor" value="cce5ffff" />
    <option name="contrastColor" value="fafbfcff" />
    <option name="disabledColor" value="9ba0a3ff" />
    <option name="secondaryBackgroundColor" value="f3f3f3ff" />
    <option name="buttonColor" value="edf1f5ff" />
    <option name="selectionForegroundColor" value="111111ff" />
    <option name="selectionBackgroundColor" value="c6e5ffff" />
    <option name="textColor" value="292d31ff" />
    <option name="foregroundColor" value="5b6168ff" />
    <option name="backgroundColor" value="f7f8faff" />
  </component>
</application>