<keymap version="1" name="Mitoop Sublime Text (macOS)" parent="Sublime Text (Mac OS X)">
  <action id="ActivateBookmarksToolWindow" />
  <action id="ActivateCommitToolWindow" />
  <action id="ActivateDebugToolWindow" />
  <action id="ActivateFindToolWindow" />
  <action id="ActivateProblemsViewToolWindow" />
  <action id="ActivateRunToolWindow" />
  <action id="ActivateServicesToolWindow" />
  <action id="ActivateStructureToolWindow" />
  <action id="ActivateTerminalToolWindow">
    <keyboard-shortcut first-keystroke="meta 2" />
  </action>
  <action id="ActivateVersionControlToolWindow">
    <keyboard-shortcut first-keystroke="meta 3" />
  </action>
  <action id="Back">
    <keyboard-shortcut first-keystroke="meta open_bracket" />
  </action>
  <action id="DuplicatesForm.SendToRight" />
  <action id="EditorAddOrRemoveCaret" />
  <action id="EditorIndentLineOrSelection" />
  <action id="EditorPageDown">
    <keyboard-shortcut first-keystroke="page_down" />
  </action>
  <action id="EditorUnindentSelection" />
  <action id="FileChooser.GotoProject" />
  <action id="Forward">
    <keyboard-shortcut first-keystroke="meta close_bracket" />
  </action>
  <action id="GotoDeclaration">
    <mouse-shortcut keystroke="meta button1" />
  </action>
  <action id="List-scrollDown">
    <keyboard-shortcut first-keystroke="page_down" />
  </action>
  <action id="SplitHorizontally">
    <keyboard-shortcut first-keystroke="ctrl h" />
  </action>
  <action id="SplitVertically">
    <keyboard-shortcut first-keystroke="ctrl v" />
  </action>
  <action id="Table-scrollDownChangeSelection">
    <keyboard-shortcut first-keystroke="page_down" />
  </action>
</keymap>