<keymap version="1" name="Sublime Text (macOS) 副本" parent="Sublime Text (Mac OS X)">
  <action id="ActivateBookmarksToolWindow" />
  <action id="ActivateCommitToolWindow" />
  <action id="ActivateDebugToolWindow" />
  <action id="ActivateFindToolWindow" />
  <action id="ActivateProblemsViewToolWindow" />
  <action id="ActivateRunToolWindow" />
  <action id="ActivateServicesToolWindow" />
  <action id="ActivateStructureToolWindow" />
  <action id="ActivateTerminalToolWindow">
    <keyboard-shortcut first-keystroke="meta 2" />
  </action>
  <action id="ActivateVersionControlToolWindow">
    <keyboard-shortcut first-keystroke="meta 3" />
  </action>
  <action id="DuplicatesForm.SendToRight" />
  <action id="FileChooser.GotoProject" />
</keymap>