<application>
  <component name="AtomFileIconsConfig">
    <option name="enabledDirectories" value="false" />
    <option name="enabledIcons" value="false" />
    <option name="enabledPsiIcons" value="false" />
    <option name="enabledUIIcons" value="false" />
    <option name="lowPowerMode" value="false" />
    <option name="useAngularIcons" value="false" />
    <option name="useHollowFolders" value="false" />
    <option name="useNestIcons" value="false" />
    <option name="useNgRxIcons" value="false" />
    <option name="useRailsIcons" value="false" />
    <option name="useRecoilIcons" value="false" />
    <option name="useReduxIcons" value="false" />
    <option name="useTestsIcons" value="false" />
  </component>
</application>