<application>
  <component name="Atom Icon Selections Config">
    <option name="selectedFolderAssociations">
      <SelectedAssociations>
        <option name="iconType" value="FOLDER" />
        <option name="ownAssociations">
          <map>
            <entry key="Tests">
              <value>
                <RegexAssociation>
                  <option name="matcher" value="^[\._]?(tests?|specs?|units?|__tests?__)$" />
                  <option name="pattern" value="^[\._]?(tests?|specs?|units?|__tests?__)$" />
                  <option name="touched" value="true" />
                  <option name="iconType" value="FOLDER" />
                  <option name="name" value="Tests" />
                  <option name="icon" value="/tests.svg" />
                  <option name="iconColor" />
                  <option name="folderColor" value="1DE9B6" />
                  <option name="folderIconColor" value="00897B" />
                </RegexAssociation>
              </value>
            </entry>
          </map>
        </option>
      </SelectedAssociations>
    </option>
    <option name="selectedFolderOpenAssociations">
      <SelectedAssociations>
        <option name="iconType" value="FOLDER_OPEN" />
      </SelectedAssociations>
    </option>
  </component>
</application>