<application>
  <component name="LafManager">
    <laf themeId="GITHUB" />
    <lafs-to-previous-schemes>
      <laf-to-scheme laf="CUSTOM" scheme="_@user_GitHub (Material)" />
      <laf-to-scheme laf="Dracula" scheme="_@user_Dracula" />
      <laf-to-scheme laf="Dracula Colorful" scheme="_@user_Dracula Colorful" />
      <laf-to-scheme laf="ExperimentalDark" scheme="_@user_Default" />
      <laf-to-scheme laf="GITHUB" scheme="GitHub (Material) Mitoop" />
      <laf-to-scheme laf="High contrast" scheme="_@user_High contrast" />
      <laf-to-scheme laf="LIGHT_CUSTOM" scheme="_@user_Darcula" />
      <laf-to-scheme laf="macOS Light" scheme="_@user_Default" />
    </lafs-to-previous-schemes>
  </component>
</application>