<application>
  <component name="MaterialThemeConfig">
    <option name="isWizardShown" value="true" />
    <option name="overrideAccentColor" value="false" />
    <option name="pristineConfig" value="false" />
    <option name="settingsSelectedTab" value="5" />
    <option name="accentColor" value="165dff" />
    <option name="secondAccentColor" />
    <option name="highlightColor" />
    <option name="focusColor" />
    <option name="selectedTheme" value="GITHUB" />
    <option name="userId" value="4fe696c1:18a0b9fdee4:-8000" />
    <option name="version" value="8.13.2" />
  </component>
</application>