<application>
  <component name="MaterialThemeNewConfig">
    <option name="accentState">
      <MTAccentConfigState>
        <option name="accentColorHex" value="165dff" />
        <option name="overrideAccentColor" value="false" />
      </MTAccentConfigState>
    </option>
    <option name="customThemeState">
      <MTCustomThemeConfigState>
        <option name="accentColorHex" value="497ce3" />
        <option name="activeColorHex" value="cce5ff" />
        <option name="backgroundColorHex" value="f7f8fa" />
        <option name="borderColorHex" value="dfe1e4" />
        <option name="buttonColorHex" value="edf1f5" />
        <option name="colorScheme" value="GitHub (Material) Mitoop" />
        <option name="contrastColorHex" value="fafbfc" />
        <option name="disabledColorHex" value="9ba0a3" />
        <option name="excludedColorHex" value="dcdcdc" />
        <option name="foregroundColorHex" value="5b6168" />
        <option name="highlightColorHex" value="cce5ff" />
        <option name="notificationColorHex" value="dfecfe" />
        <option name="secondBackgroundColorHex" value="f3f3f3" />
        <option name="selectionBackgroundColorHex" value="c6e5ff" />
        <option name="selectionForegroundColorHex" value="111111" />
        <option name="textColorHex" value="292d31" />
        <option name="treeColorHex" value="ebedf0" />
      </MTCustomThemeConfigState>
    </option>
    <option name="lightCustomThemeState">
      <MTLightCustomThemeConfigState>
        <option name="accentColorHex" value="497ce3" />
        <option name="activeColorHex" value="cce5ff" />
        <option name="backgroundColorHex" value="f7f8fa" />
        <option name="borderColorHex" value="dfe1e4" />
        <option name="buttonColorHex" value="edf1f5" />
        <option name="colorScheme" value="GitHub (Material) Mitoop" />
        <option name="contrastColorHex" value="fafbfc" />
        <option name="disabledColorHex" value="9ba0a3" />
        <option name="excludedColorHex" value="dcdcdc" />
        <option name="foregroundColorHex" value="5b6168" />
        <option name="highlightColorHex" value="cce5ff" />
        <option name="notificationColorHex" value="dfecfe" />
        <option name="secondBackgroundColorHex" value="f3f3f3" />
        <option name="selectionBackgroundColorHex" value="c6e5ff" />
        <option name="selectionForegroundColorHex" value="111111" />
        <option name="textColorHex" value="292d31" />
        <option name="treeColorHex" value="ebedf0" />
      </MTLightCustomThemeConfigState>
    </option>
    <option name="metadata">
      <MTMetadataState>
        <option name="migrated" value="true" />
        <option name="pristineConfig" value="false" />
        <option name="userId" value="4fe696c1:18a0b9fdee4:-8000" />
        <option name="version" value="9.2.1" />
        <option name="wizardShown" value="true" />
      </MTMetadataState>
    </option>
    <option name="projectTreeState">
      <MTProjectTreeConfigState>
        <option name="useColoredDirectories" value="true" />
      </MTProjectTreeConfigState>
    </option>
    <option name="tabsState">
      <MTTabsConfigState>
        <option name="tabsHeight" value="25" />
      </MTTabsConfigState>
    </option>
    <option name="themeState">
      <MTThemeConfigState>
        <option name="selectedThemeName" value="GITHUB" />
      </MTThemeConfigState>
    </option>
    <option name="titleBarState">
      <MTTitleBarConfigState>
        <option name="useColoredTitleBar" value="false" />
      </MTTitleBarConfigState>
    </option>
    <option name="uiComponentsState">
      <MTUiComponentsConfigState>
        <option name="borderless" value="true" />
      </MTUiComponentsConfigState>
    </option>
  </component>
</application>