<application>
  <component name="libraryTable">
    <library name="dataTables.bootstrap4" type="javaScript">
      <properties>
        <sourceFilesUrls>
          <item url="file://$APPLICATION_CONFIG_DIR$/javascript/extLibs/http_cdn.datatables.net_1.10.16_js_dataTables.bootstrap4.js" />
        </sourceFilesUrls>
      </properties>
      <CLASSES>
        <root url="file://$APPLICATION_CONFIG_DIR$/javascript/extLibs/http_cdn.datatables.net_1.10.16_js_dataTables.bootstrap4.js" />
      </CLASSES>
      <SOURCES />
    </library>
    <library name="jQuery" type="javaScript">
      <properties>
        <option name="frameworkName" value="jQuery" />
      </properties>
      <CLASSES />
      <DOCUMENTATION>
        <root url="file://$APPLICATION_CONFIG_DIR$/javascript/extLibs/http_api.jquery.com_resources_api.xml.xml" />
        <root url="http://api.jquery.com" />
      </DOCUMENTATION>
      <SOURCES />
    </library>
  </component>
</application>