<application>
  <component name="MaterialThemeConfig">
    <option name="compactMenus" value="true" />
    <option name="compactStatusBar" value="true" />
    <option name="compactTables" value="true" />
    <option name="contrastMode" value="true" />
    <option name="customTreeIndentEnabled" value="true" />
    <option name="highlightColorEnabled" value="true" />
    <option name="styledDirectories" value="true" />
    <option name="compactDropdowns" value="true" />
    <option name="compactSidebar" value="true" />
    <option name="isHighlightColorEnabled" value="true" />
    <option name="isCompactMenus" value="true" />
    <option name="isCompactStatusBar" value="true" />
    <option name="isCompactTables" value="true" />
    <option name="isContrastMode" value="true" />
    <option name="isCustomTreeIndentEnabled" value="true" />
    <option name="isStyledDirectories" value="true" />
    <option name="isWizardShown" value="true" />
    <option name="overrideAccentColor" value="false" />
    <option name="pristineConfig" value="false" />
    <option name="statusBarTheme" value="false" />
    <option name="customSidebarHeight" value="30" />
    <option name="leftTreeIndent" value="4" />
    <option name="accentColor" value="2979ff" />
    <option name="highlightColor" value="3a66d1" />
    <option name="selectedTheme" value="GITHUB" />
    <option name="userId" value="-489e43fc:1686f38a33a:-8000" />
    <option name="version" value="5.1.0" />
  </component>
</application>