<application>
  <component name="UpdatesConfigurable">
    <ignoredBuildNumbers>
      <item value="181.3494.16" />
      <item value="181.4203.513" />
      <item value="181.4203.107" />
      <item value="181.4892.97" />
      <item value="182.3911.19" />
      <item value="191.4212.35" />
      <item value="193.5662.63" />
      <item value="201.5616.33" />
      <item value="201.5985.35" />
      <item value="193.6911.26" />
      <item value="211.6556.12" />
    </ignoredBuildNumbers>
    <option name="LAST_BUILD_CHECKED" value="PS-211.7142.44" />
    <option name="LAST_TIME_CHECKED" value="1621495870557" />
    <option name="THIRD_PARTY_PLUGINS_ALLOWED" value="true" />
    <option name="UPDATE_CHANNEL_TYPE" value="eap" />
  </component>
</application>