<application>
  <component name="UpdatesConfigurable">
    <ignoredBuildNumbers>
      <item value="181.3494.16" />
      <item value="181.4203.513" />
      <item value="181.4203.107" />
      <item value="181.4892.97" />
      <item value="182.3911.19" />
      <item value="191.4212.35" />
    </ignoredBuildNumbers>
    <option name="LAST_BUILD_CHECKED" value="PS-192.6262.47" />
    <option name="LAST_TIME_CHECKED" value="1566405852567" />
    <option name="THIRD_PARTY_PLUGINS_ALLOWED" value="true" />
    <option name="UPDATE_CHANNEL_TYPE" value="eap" />
  </component>
</application>